"Día","Mes","Año","Mercado","Grupo alimenticio","Precio en pesos argentinos","Precio en dólares"
,,,,,,
15,1,"2005","Buenos Aires","Wheat","0.25","0.0017"
15,1,"2005","Buenos Aires","Wheat flour","0.52","0.0036"
15,1,"2005","Rosario","Maize (yellow)","0.17","0.0012"
15,2,"2005","Buenos Aires","Wheat","0.26","0.0018"
15,2,"2005","Buenos Aires","Wheat flour","0.53","0.0036"
15,2,"2005","Rosario","Maize (yellow)","0.18","0.0012"
15,3,"2005","Buenos Aires","Wheat","0.31","0.0021"
15,3,"2005","Buenos Aires","Wheat flour","0.53","0.0036"
15,3,"2005","Rosario","Maize (yellow)","0.19","0.0013"
15,4,"2005","Buenos Aires","Wheat","0.3","0.0021"
15,4,"2005","Buenos Aires","Wheat flour","0.53","0.0036"
15,4,"2005","Rosario","Maize (yellow)","0.19","0.0013"
15,5,"2005","Buenos Aires","Wheat","0.32","0.0022"
15,5,"2005","Buenos Aires","Wheat flour","0.53","0.0036"
15,5,"2005","Rosario","Maize (yellow)","0.2","0.0013"
15,6,"2005","Buenos Aires","Wheat","0.3","0.0021"
15,6,"2005","Buenos Aires","Wheat flour","0.53","0.0036"
15,6,"2005","Rosario","Maize (yellow)","0.2","0.0014"
15,7,"2005","Buenos Aires","Wheat","0.32","0.0022"
15,7,"2005","Buenos Aires","Wheat flour","0.53","0.0036"
15,7,"2005","Rosario","Maize (yellow)","0.23","0.0015"
15,8,"2005","Buenos Aires","Wheat","0.32","0.0022"
15,8,"2005","Buenos Aires","Wheat flour","0.54","0.0037"
15,8,"2005","Rosario","Maize (yellow)","0.22","0.0015"
15,9,"2005","Buenos Aires","Wheat","0.31","0.0021"
15,9,"2005","Buenos Aires","Wheat flour","0.55","0.0038"
15,9,"2005","Rosario","Maize (yellow)","0.22","0.0015"
15,10,"2005","Buenos Aires","Wheat","0.31","0.0022"
15,10,"2005","Buenos Aires","Wheat flour","0.56","0.0039"
15,10,"2005","Rosario","Maize (yellow)","0.22","0.0015"
15,11,"2005","Buenos Aires","Wheat","0.31","0.0022"
15,11,"2005","Buenos Aires","Wheat flour","0.56","0.0039"
15,11,"2005","Rosario","Maize (yellow)","0.21","0.0014"
15,12,"2005","Buenos Aires","Wheat","0.31","0.0021"
15,12,"2005","Buenos Aires","Wheat flour","0.57","0.0039"
15,1,"2006","Buenos Aires","Wheat","0.34","0.0023"
15,1,"2006","Buenos Aires","Wheat flour","0.57","0.0039"
15,1,"2006","Rosario","Maize (yellow)","0.24","0.0016"
15,2,"2006","Buenos Aires","Wheat","0.34","0.0024"
15,2,"2006","Buenos Aires","Wheat flour","0.56","0.0039"
15,2,"2006","Rosario","Maize (yellow)","0.25","0.0017"
15,3,"2006","Buenos Aires","Wheat","0.33","0.0022"
15,3,"2006","Buenos Aires","Wheat flour","0.56","0.0039"
15,3,"2006","Rosario","Maize (yellow)","0.24","0.0017"
15,4,"2006","Buenos Aires","Wheat","0.34","0.0023"
15,4,"2006","Buenos Aires","Wheat flour","0.56","0.0039"
15,4,"2006","Rosario","Maize (yellow)","0.26","0.0018"
15,5,"2006","Buenos Aires","Wheat","0.35","0.0024"
15,5,"2006","Buenos Aires","Wheat flour","0.58","0.004"
15,5,"2006","Rosario","Maize (yellow)","0.26","0.0018"
15,6,"2006","Buenos Aires","Wheat","0.32","0.0022"
15,6,"2006","Buenos Aires","Wheat flour","0.58","0.004"
15,6,"2006","Rosario","Maize (yellow)","0.26","0.0018"
15,7,"2006","Buenos Aires","Wheat","0.32","0.0022"
15,7,"2006","Buenos Aires","Wheat flour","0.53","0.0036"
15,7,"2006","Rosario","Maize (yellow)","0.27","0.0019"
15,8,"2006","Buenos Aires","Wheat","0.33","0.0023"
15,8,"2006","Buenos Aires","Wheat flour","0.53","0.0036"
15,8,"2006","Rosario","Maize (yellow)","0.27","0.0018"
15,9,"2006","Buenos Aires","Wheat","0.35","0.0024"
15,9,"2006","Buenos Aires","Wheat flour","0.53","0.0036"
15,9,"2006","Rosario","Maize (yellow)","0.27","0.0019"
15,10,"2006","Buenos Aires","Wheat","0.38","0.0026"
15,10,"2006","Buenos Aires","Wheat flour","0.54","0.0037"
15,10,"2006","Rosario","Maize (yellow)","0.32","0.0022"
15,11,"2006","Buenos Aires","Wheat","0.38","0.0026"
15,11,"2006","Buenos Aires","Wheat flour","0.54","0.0037"
15,12,"2006","Buenos Aires","Wheat","0.38","0.0026"
15,12,"2006","Buenos Aires","Wheat flour","0.54","0.0037"
15,1,"2007","Buenos Aires","Wheat","0.38","0.0026"
15,1,"2007","Buenos Aires","Wheat flour","0.54","0.0037"
15,1,"2007","Rosario","Maize (yellow)","0.37","0.0025"
15,2,"2007","Buenos Aires","Wheat","0.38","0.0026"
15,2,"2007","Buenos Aires","Wheat flour","0.54","0.0037"
15,2,"2007","Rosario","Maize (yellow)","0.39","0.0027"
15,3,"2007","Buenos Aires","Wheat","0.37","0.0026"
15,3,"2007","Buenos Aires","Wheat flour","0.54","0.0037"
15,3,"2007","Rosario","Maize (yellow)","0.37","0.0026"
15,4,"2007","Buenos Aires","Wheat","0.38","0.0026"
15,4,"2007","Buenos Aires","Wheat flour","0.54","0.0037"
15,4,"2007","Rosario","Maize (yellow)","0.37","0.0025"
15,5,"2007","Buenos Aires","Wheat","0.4","0.0028"
15,5,"2007","Buenos Aires","Wheat flour","0.54","0.0037"
15,5,"2007","Rosario","Maize (yellow)","0.36","0.0025"
15,6,"2007","Buenos Aires","Wheat","0.43","0.003"
15,6,"2007","Buenos Aires","Wheat flour","0.54","0.0037"
15,6,"2007","Rosario","Maize (yellow)","0.38","0.0026"
15,7,"2007","Buenos Aires","Wheat","0.45","0.0031"
15,7,"2007","Buenos Aires","Wheat flour","0.54","0.0037"
15,7,"2007","Rosario","Maize (yellow)","0.35","0.0024"
15,8,"2007","Buenos Aires","Wheat","0.53","0.0037"
15,8,"2007","Buenos Aires","Wheat flour","0.56","0.0039"
15,8,"2007","Rosario","Maize (yellow)","0.38","0.0026"
15,9,"2007","Buenos Aires","Wheat","0.59","0.0041"
15,9,"2007","Buenos Aires","Wheat flour","0.57","0.0039"
15,9,"2007","Rosario","Maize (yellow)","0.39","0.0027"
15,10,"2007","Buenos Aires","Wheat","0.59","0.0041"
15,10,"2007","Buenos Aires","Wheat flour","0.57","0.0039"
15,10,"2007","Rosario","Maize (yellow)","0.39","0.0027"
15,11,"2007","Buenos Aires","Wheat","0.57","0.0039"
15,11,"2007","Buenos Aires","Wheat flour","0.62","0.0043"
15,12,"2007","Buenos Aires","Wheat","0.54","0.0037"
15,12,"2007","Buenos Aires","Wheat flour","0.69","0.0047"
15,1,"2008","Buenos Aires","Wheat","0.57","0.0039"
15,1,"2008","Buenos Aires","Wheat flour","0.7","0.0048"
15,1,"2008","Rosario","Maize (yellow)","0.47","0.0032"
15,2,"2008","Buenos Aires","Wheat","0.6","0.0042"
15,2,"2008","Buenos Aires","Wheat flour","0.7","0.0048"
15,2,"2008","Rosario","Maize (yellow)","0.48","0.0033"
15,3,"2008","Buenos Aires","Wheat","0.62","0.0042"
15,3,"2008","Buenos Aires","Wheat flour","0.7","0.0048"
15,3,"2008","Rosario","Maize (yellow)","0.49","0.0034"
15,4,"2008","Buenos Aires","Wheat","0.71","0.0048"
15,4,"2008","Buenos Aires","Wheat flour","0.7","0.0048"
15,4,"2008","Rosario","Maize (yellow)","0.52","0.0036"
15,5,"2008","Buenos Aires","Wheat","0.7","0.0048"
15,5,"2008","Buenos Aires","Wheat flour","0.7","0.0048"
15,5,"2008","Rosario","Maize (yellow)","0.51","0.0035"
15,6,"2008","Buenos Aires","Wheat","0.66","0.0045"
15,6,"2008","Buenos Aires","Wheat flour","0.7","0.0048"
15,6,"2008","Rosario","Maize (yellow)","0.52","0.0036"
15,7,"2008","Buenos Aires","Wheat","0.67","0.0046"
15,7,"2008","Buenos Aires","Wheat flour","0.7","0.0048"
15,7,"2008","Rosario","Maize (yellow)","0.49","0.0034"
15,8,"2008","Buenos Aires","Wheat","0.61","0.0042"
15,8,"2008","Buenos Aires","Wheat flour","0.7","0.0048"
15,8,"2008","Rosario","Maize (yellow)","0.43","0.0029"
15,9,"2008","Buenos Aires","Wheat","0.6","0.0041"
15,9,"2008","Buenos Aires","Wheat flour","0.7","0.0048"
15,9,"2008","Rosario","Maize (yellow)","0.43","0.003"
15,10,"2008","Buenos Aires","Wheat","0.49","0.0033"
15,10,"2008","Buenos Aires","Wheat flour","0.7","0.0048"
15,10,"2008","Rosario","Maize (yellow)","0.36","0.0025"
15,11,"2008","Buenos Aires","Wheat","0.4","0.0027"
15,11,"2008","Buenos Aires","Wheat flour","0.7","0.0048"
15,12,"2008","Buenos Aires","Wheat","0.4","0.0028"
15,12,"2008","Buenos Aires","Wheat flour","0.7","0.0048"
15,12,"2008","Rosario","Maize (yellow)","0.32","0.0022"
15,1,"2009","Buenos Aires","Wheat","0.43","0.0029"
15,1,"2009","Buenos Aires","Wheat flour","0.7","0.0048"
15,1,"2009","Rosario","Maize (yellow)","0.41","0.0028"
15,2,"2009","Buenos Aires","Wheat","0.42","0.0029"
15,2,"2009","Buenos Aires","Wheat flour","0.7","0.0048"
15,2,"2009","Rosario","Maize (yellow)","0.42","0.0029"
15,3,"2009","Buenos Aires","Wheat","0.49","0.0034"
15,3,"2009","Buenos Aires","Wheat flour","0.7","0.0048"
15,3,"2009","Rosario","Maize (yellow)","0.41","0.0028"
15,4,"2009","Buenos Aires","Wheat","0.52","0.0035"
15,4,"2009","Buenos Aires","Wheat flour","0.7","0.0048"
15,4,"2009","Rosario","Maize (yellow)","0.39","0.0027"
15,5,"2009","Buenos Aires","Wheat","0.55","0.0038"
15,5,"2009","Buenos Aires","Wheat flour","0.7","0.0048"
15,5,"2009","Rosario","Maize (yellow)","0.4","0.0027"
15,6,"2009","Buenos Aires","Wheat","0.57","0.0039"
15,6,"2009","Buenos Aires","Wheat flour","0.7","0.0048"
15,6,"2009","Rosario","Maize (yellow)","0.43","0.003"
15,7,"2009","Buenos Aires","Wheat","0.57","0.0039"
15,7,"2009","Buenos Aires","Wheat flour","0.7","0.0048"
15,7,"2009","Rosario","Maize (yellow)","0.42","0.0029"
15,8,"2009","Buenos Aires","Wheat","0.63","0.0043"
15,8,"2009","Buenos Aires","Wheat flour","0.7","0.0048"
15,8,"2009","Rosario","Maize (yellow)","0.44","0.003"
15,9,"2009","Buenos Aires","Wheat","0.57","0.0039"
15,9,"2009","Buenos Aires","Wheat flour","0.7","0.0048"
15,9,"2009","Rosario","Maize (yellow)","0.43","0.0029"
15,10,"2009","Buenos Aires","Wheat","0.53","0.0037"
15,10,"2009","Buenos Aires","Wheat flour","0.7","0.0048"
15,10,"2009","Rosario","Maize (yellow)","0.45","0.0031"
15,11,"2009","Buenos Aires","Wheat","0.54","0.0037"
15,11,"2009","Buenos Aires","Wheat flour","0.7","0.0048"
15,12,"2009","Buenos Aires","Wheat","0.53","0.0037"
15,12,"2009","Buenos Aires","Wheat flour","0.7","0.0048"
15,1,"2010","Buenos Aires","Wheat","0.53","0.0036"
15,1,"2010","Buenos Aires","Wheat flour","0.7","0.0048"
15,1,"2010","Rosario","Maize (yellow)","0.48","0.0033"
15,2,"2010","Buenos Aires","Wheat","0.47","0.0032"
15,2,"2010","Buenos Aires","Wheat flour","0.7","0.0048"
15,2,"2010","Rosario","Maize (yellow)","0.44","0.003"
15,3,"2010","Buenos Aires","Wheat","0.52","0.0036"
15,3,"2010","Buenos Aires","Wheat flour","0.7","0.0048"
15,3,"2010","Rosario","Maize (yellow)","0.42","0.0029"
15,4,"2010","Buenos Aires","Wheat","0.54","0.0037"
15,4,"2010","Buenos Aires","Wheat flour","0.7","0.0048"
15,4,"2010","Rosario","Maize (yellow)","0.44","0.0031"
15,5,"2010","Buenos Aires","Wheat","0.59","0.0041"
15,5,"2010","Buenos Aires","Wheat flour","0.7","0.0048"
15,5,"2010","Rosario","Maize (yellow)","0.46","0.0032"
15,6,"2010","Buenos Aires","Wheat","0.59","0.0041"
15,6,"2010","Buenos Aires","Wheat flour","0.7","0.0048"
15,6,"2010","Rosario","Maize (yellow)","0.47","0.0032"
15,7,"2010","Buenos Aires","Wheat","0.63","0.0043"
15,7,"2010","Buenos Aires","Wheat flour","0.7","0.0048"
15,7,"2010","Rosario","Maize (yellow)","0.5","0.0034"
15,8,"2010","Buenos Aires","Wheat","0.72","0.0049"
15,8,"2010","Buenos Aires","Wheat flour","0.7","0.0048"
15,8,"2010","Rosario","Maize (yellow)","0.53","0.0037"
15,9,"2010","Buenos Aires","Wheat","0.76","0.0053"
15,9,"2010","Buenos Aires","Wheat flour","0.7","0.0048"
15,9,"2010","Rosario","Maize (yellow)","0.57","0.0039"
15,10,"2010","Buenos Aires","Wheat","0.71","0.0049"
15,10,"2010","Buenos Aires","Wheat flour","0.7","0.0048"
15,10,"2010","Rosario","Maize (yellow)","0.63","0.0043"
15,11,"2010","Buenos Aires","Wheat","0.69","0.0047"
15,11,"2010","Buenos Aires","Wheat flour","0.72","0.005"
15,11,"2010","Rosario","Maize (yellow)","0.66","0.0045"
15,12,"2010","Buenos Aires","Wheat","0.67","0.0046"
15,12,"2010","Buenos Aires","Wheat flour","0.94","0.0065"
15,1,"2011","Buenos Aires","Wheat","0.7","0.0048"
15,1,"2011","Buenos Aires","Wheat flour","0.94","0.0065"
15,1,"2011","Rosario","Maize (yellow)","0.74","0.0051"
15,2,"2011","Buenos Aires","Wheat","0.71","0.0049"
15,2,"2011","Buenos Aires","Wheat flour","0.91","0.0063"
15,2,"2011","Rosario","Maize (yellow)","0.77","0.0053"
15,3,"2011","Buenos Aires","Wheat","0.75","0.0052"
15,3,"2011","Buenos Aires","Wheat flour","0.7","0.0048"
15,3,"2011","Rosario","Maize (yellow)","0.75","0.0051"
15,4,"2011","Buenos Aires","Wheat","0.76","0.0052"
15,4,"2011","Buenos Aires","Wheat flour","0.7","0.0048"
15,4,"2011","Rosario","Maize (yellow)","0.76","0.0052"
15,5,"2011","Buenos Aires","Wheat","0.75","0.0051"
15,5,"2011","Buenos Aires","Wheat flour","0.76","0.0052"
15,5,"2011","Rosario","Maize (yellow)","0.74","0.0051"
15,6,"2011","Buenos Aires","Wheat","0.67","0.0046"
15,6,"2011","Buenos Aires","Wheat flour","0.94","0.0065"
15,6,"2011","Rosario","Maize (yellow)","0.71","0.0049"
15,7,"2011","Buenos Aires","Wheat","0.69","0.0048"
15,7,"2011","Buenos Aires","Wheat flour","0.94","0.0065"
15,7,"2011","Rosario","Maize (yellow)","0.69","0.0047"
15,8,"2011","Buenos Aires","Wheat","0.66","0.0046"
15,8,"2011","Buenos Aires","Wheat flour","0.98","0.0067"
15,8,"2011","Rosario","Maize (yellow)","0.68","0.0047"
15,9,"2011","Buenos Aires","Wheat","0.66","0.0045"
15,9,"2011","Buenos Aires","Wheat flour","1.2","0.0083"
15,9,"2011","Rosario","Maize (yellow)","0.65","0.0045"
15,10,"2011","Buenos Aires","Wheat","0.61","0.0042"
15,10,"2011","Buenos Aires","Wheat flour","1.2","0.0083"
15,10,"2011","Rosario","Maize (yellow)","0.6","0.0042"
15,11,"2011","Buenos Aires","Wheat","0.55","0.0037"
15,11,"2011","Buenos Aires","Wheat flour","1.2","0.0083"
15,11,"2011","Rosario","Maize (yellow)","0.55","0.0038"
15,12,"2011","Buenos Aires","Wheat","0.49","0.0034"
15,12,"2011","Buenos Aires","Wheat flour","1.2","0.0083"
15,1,"2012","Buenos Aires","Wheat","0.58","0.004"
15,1,"2012","Buenos Aires","Wheat flour","1.2","0.0083"
15,1,"2012","Rosario","Maize (yellow)","0.74","0.0051"
15,2,"2012","Buenos Aires","Wheat","0.56","0.0038"
15,2,"2012","Buenos Aires","Wheat flour","1.2","0.0083"
15,2,"2012","Rosario","Maize (yellow)","0.69","0.0047"
15,3,"2012","Buenos Aires","Wheat","0.6","0.0041"
15,3,"2012","Buenos Aires","Wheat flour","1.2","0.0083"
15,3,"2012","Rosario","Maize (yellow)","0.7","0.0048"
15,4,"2012","Buenos Aires","Wheat","0.66","0.0045"
15,4,"2012","Buenos Aires","Wheat flour","1.2","0.0083"
15,4,"2012","Rosario","Maize (yellow)","0.71","0.0049"
15,5,"2012","Buenos Aires","Wheat","0.71","0.0049"
15,5,"2012","Buenos Aires","Wheat flour","1.29","0.0089"
15,5,"2012","Rosario","Maize (yellow)","0.68","0.0047"
15,6,"2012","Buenos Aires","Wheat","0.71","0.0049"
15,6,"2012","Buenos Aires","Wheat flour","1.3","0.0089"
15,6,"2012","Rosario","Maize (yellow)","0.69","0.0047"
15,7,"2012","Buenos Aires","Wheat","0.83","0.0057"
15,7,"2012","Buenos Aires","Wheat flour","1.3","0.0089"
15,7,"2012","Rosario","Maize (yellow)","0.73","0.005"
15,8,"2012","Buenos Aires","Wheat","0.94","0.0064"
15,8,"2012","Buenos Aires","Wheat flour","1.44","0.0099"
15,8,"2012","Rosario","Maize (yellow)","0.77","0.0053"
15,9,"2012","Buenos Aires","Wheat","1.12","0.0077"
15,9,"2012","Buenos Aires","Wheat flour","1.9","0.0131"
15,9,"2012","Rosario","Maize (yellow)","0.83","0.0057"
15,10,"2012","Buenos Aires","Wheat","1.06","0.0073"
15,10,"2012","Buenos Aires","Wheat flour","1.9","0.0131"
15,11,"2012","Buenos Aires","Wheat","1.06","0.0073"
15,11,"2012","Buenos Aires","Wheat flour","1.87","0.0129"
15,12,"2012","Buenos Aires","Wheat","1.03","0.0071"
15,12,"2012","Buenos Aires","Wheat flour","1.7","0.0117"
15,1,"2013","Buenos Aires","Wheat","1.23","0.0085"
15,1,"2013","Buenos Aires","Wheat flour","1.7","0.0117"
15,1,"2013","Rosario","Maize (yellow)","0.94","0.0064"
15,2,"2013","Buenos Aires","Wheat","1.28","0.0088"
15,2,"2013","Buenos Aires","Wheat flour","1.7","0.0117"
15,2,"2013","Rosario","Maize (yellow)","0.91","0.0062"
15,3,"2013","Buenos Aires","Wheat","1.32","0.0091"
15,3,"2013","Buenos Aires","Wheat flour","1.7","0.0117"
15,3,"2013","Rosario","Maize (yellow)","0.86","0.0059"
15,4,"2013","Buenos Aires","Wheat","1.41","0.0097"
15,4,"2013","Buenos Aires","Wheat flour","1.7","0.0117"
15,4,"2013","Rosario","Maize (yellow)","0.87","0.006"
15,5,"2013","Buenos Aires","Wheat","1.8","0.0124"
15,5,"2013","Buenos Aires","Wheat flour","1.93","0.0133"
15,5,"2013","Rosario","Maize (yellow)","0.98","0.0067"
15,6,"2013","Buenos Aires","Wheat","2.38","0.0163"
15,6,"2013","Buenos Aires","Wheat flour","2.92","0.0201"
15,6,"2013","Rosario","Maize (yellow)","1.04","0.0071"
15,7,"2013","Buenos Aires","Wheat","2.43","0.0167"
15,7,"2013","Buenos Aires","Wheat flour","2.7","0.0186"
15,7,"2013","Rosario","Maize (yellow)","0.92","0.0063"
15,8,"2013","Buenos Aires","Wheat","2.42","0.0167"
15,8,"2013","Buenos Aires","Wheat flour","2.7","0.0186"
15,8,"2013","Rosario","Maize (yellow)","0.86","0.0059"
15,9,"2013","Buenos Aires","Wheat","2.65","0.0182"
15,9,"2013","Buenos Aires","Wheat flour","2.7","0.0186"
15,9,"2013","Rosario","Maize (yellow)","0.88","0.006"
15,10,"2013","Buenos Aires","Wheat","3.24","0.0223"
15,10,"2013","Buenos Aires","Wheat flour","5.12","0.0352"
15,10,"2013","Rosario","Maize (yellow)","0.93","0.0064"
15,11,"2013","Buenos Aires","Wheat","1.74","0.012"
15,11,"2013","Buenos Aires","Wheat flour","6.5","0.0447"
15,11,"2013","Rosario","Maize (yellow)","1.06","0.0073"
15,12,"2013","Buenos Aires","Wheat","1.47","0.0101"
15,12,"2013","Buenos Aires","Wheat flour","6.5","0.0447"
15,1,"2014","Buenos Aires","Wheat","1.65","0.0114"
15,1,"2014","Buenos Aires","Wheat flour","6.34","0.0436"
15,1,"2014","Rosario","Maize (yellow)","1.08","0.0074"
15,2,"2014","Buenos Aires","Wheat","1.84","0.0126"
15,2,"2014","Buenos Aires","Wheat flour","4.85","0.0334"
15,2,"2014","Rosario","Maize (yellow)","1.22","0.0084"
15,3,"2014","Buenos Aires","Wheat","1.9","0.013"
15,3,"2014","Buenos Aires","Wheat flour","4.52","0.0311"
15,3,"2014","Rosario","Maize (yellow)","1.3","0.009"
15,4,"2014","Buenos Aires","Wheat","1.92","0.0132"
15,4,"2014","Buenos Aires","Wheat flour","4.5","0.0309"
15,4,"2014","Rosario","Maize (yellow)","1.38","0.0095"
15,5,"2014","Buenos Aires","Wheat","2","0.0138"
15,5,"2014","Buenos Aires","Wheat flour","4.5","0.0309"
15,5,"2014","Rosario","Maize (yellow)","1.32","0.009"
15,6,"2014","Buenos Aires","Wheat","1.99","0.0137"
15,6,"2014","Buenos Aires","Wheat flour","4.5","0.0309"
15,6,"2014","Rosario","Maize (yellow)","1.25","0.0086"
15,7,"2014","Buenos Aires","Wheat","1.76","0.0121"
15,7,"2014","Buenos Aires","Wheat flour","4.5","0.0309"
15,7,"2014","Rosario","Maize (yellow)","1.13","0.0078"
15,8,"2014","Buenos Aires","Wheat","1.49","0.0103"
15,8,"2014","Buenos Aires","Wheat flour","4.23","0.0291"
15,8,"2014","Rosario","Maize (yellow)","1.03","0.0071"
15,9,"2014","Buenos Aires","Wheat","1.42","0.0098"
15,9,"2014","Buenos Aires","Wheat flour","3.4","0.0234"
15,9,"2014","Rosario","Maize (yellow)","0.93","0.0064"
15,10,"2014","Buenos Aires","Wheat","1.28","0.0088"
15,10,"2014","Buenos Aires","Wheat flour","3.4","0.0234"
15,10,"2014","Rosario","Maize (yellow)","0.96","0.0066"
15,11,"2014","Buenos Aires","Wheat","1.21","0.0083"
15,11,"2014","Buenos Aires","Wheat flour","3.4","0.0234"
15,11,"2014","Rosario","Maize (yellow)","1.04","0.0072"
15,12,"2014","Buenos Aires","Wheat","1.11","0.0076"
15,12,"2014","Buenos Aires","Wheat flour","3","0.0206"
15,1,"2015","Buenos Aires","Wheat","1.12","0.0077"
15,1,"2015","Buenos Aires","Wheat flour","2.8","0.0193"
15,1,"2015","Rosario","Maize (yellow)","0.98","0.0067"
15,2,"2015","Buenos Aires","Wheat","1.07","0.0074"
15,2,"2015","Buenos Aires","Wheat flour","2.8","0.0193"
15,2,"2015","Rosario","Maize (yellow)","0.97","0.0067"
15,3,"2015","Buenos Aires","Wheat","0.94","0.0064"
15,3,"2015","Buenos Aires","Wheat flour","2.8","0.0193"
15,3,"2015","Rosario","Maize (yellow)","0.97","0.0067"
15,4,"2015","Buenos Aires","Wheat","1.12","0.0077"
15,4,"2015","Buenos Aires","Wheat flour","2.8","0.0193"
15,4,"2015","Rosario","Maize (yellow)","1.02","0.007"
15,5,"2015","Buenos Aires","Wheat","1.12","0.0077"
15,5,"2015","Buenos Aires","Wheat flour","2.8","0.0193"
15,5,"2015","Rosario","Maize (yellow)","0.99","0.0068"
15,6,"2015","Buenos Aires","Wheat","0.99","0.0068"
15,6,"2015","Buenos Aires","Wheat flour","2.8","0.0193"
15,6,"2015","Rosario","Maize (yellow)","0.93","0.0064"
15,7,"2015","Buenos Aires","Wheat","1.12","0.0077"
15,7,"2015","Buenos Aires","Wheat flour","2.8","0.0193"
15,7,"2015","Rosario","Maize (yellow)","0.93","0.0064"
15,8,"2015","Buenos Aires","Wheat","1.17","0.008"
15,8,"2015","Buenos Aires","Wheat flour","2.8","0.0193"
15,8,"2015","Rosario","Maize (yellow)","0.91","0.0062"
15,9,"2015","Buenos Aires","Wheat","1.22","0.0084"
15,9,"2015","Buenos Aires","Wheat flour","3.05","0.021"
15,9,"2015","Rosario","Maize (yellow)","0.94","0.0065"
15,10,"2015","Buenos Aires","Wheat","1.29","0.0089"
15,10,"2015","Buenos Aires","Wheat flour","3.13","0.0215"
15,10,"2015","Rosario","Maize (yellow)","1.13","0.0078"
15,11,"2015","Buenos Aires","Wheat","1.5","0.0103"
15,11,"2015","Buenos Aires","Wheat flour","3.49","0.024"
15,11,"2015","Rosario","Maize (yellow)","1.26","0.0087"
15,12,"2015","Buenos Aires","Wheat","1.71","0.0117"
15,12,"2015","Buenos Aires","Wheat flour","3.6","0.0248"
15,1,"2016","Buenos Aires","Wheat","1.93","0.0132"
15,1,"2016","Buenos Aires","Wheat flour","3.6","0.0248"
15,1,"2016","Rosario","Maize (yellow)","1.97","0.0135"
15,2,"2016","Buenos Aires","Wheat","2.03","0.014"
15,2,"2016","Buenos Aires","Wheat flour","3.6","0.0248"
15,2,"2016","Rosario","Maize (yellow)","2.25","0.0155"
15,3,"2016","Buenos Aires","Wheat","2.16","0.0148"
15,3,"2016","Buenos Aires","Wheat flour","3.6","0.0248"
15,3,"2016","Rosario","Maize (yellow)","2.21","0.0152"
15,4,"2016","Buenos Aires","Wheat","2.27","0.0156"
15,4,"2016","Buenos Aires","Wheat flour","3.91","0.0269"
15,4,"2016","Greater Buenos Aires","Bread","29.85","0.2053"
15,4,"2016","Greater Buenos Aires","Potatoes","9.26","0.0637"
15,4,"2016","Greater Buenos Aires","Rice (white)","16.21","0.1115"
15,4,"2016","Greater Buenos Aires","Wheat flour","8.23","0.0566"
15,4,"2016","Greater Buenos Aires","Meat (beef)","60.68","0.4173"
15,4,"2016","Greater Buenos Aires","Milk","14.37","0.0988"
15,4,"2016","Greater Buenos Aires","Sugar","12.05","0.0829"
15,4,"2016","Rosario","Maize (yellow)","2.4","0.0165"
15,5,"2016","Buenos Aires","Wheat","2.56","0.0176"
15,5,"2016","Buenos Aires","Wheat flour","4.2","0.0289"
15,5,"2016","Greater Buenos Aires","Bread","30.85","0.2121"
15,5,"2016","Greater Buenos Aires","Potatoes","9.44","0.0649"
15,5,"2016","Greater Buenos Aires","Rice (white)","16.32","0.1122"
15,5,"2016","Greater Buenos Aires","Wheat flour","8.67","0.0596"
15,5,"2016","Greater Buenos Aires","Milk","15.65","0.1076"
15,5,"2016","Greater Buenos Aires","Sugar","12.3","0.0846"
15,5,"2016","Rosario","Maize (yellow)","2.56","0.0176"
15,6,"2016","Buenos Aires","Wheat","2.69","0.0185"
15,6,"2016","Buenos Aires","Wheat flour","5","0.0344"
15,6,"2016","Greater Buenos Aires","Bread","32.56","0.2239"
15,6,"2016","Greater Buenos Aires","Potatoes","11.06","0.0761"
15,6,"2016","Greater Buenos Aires","Rice (white)","16.6","0.1142"
15,6,"2016","Greater Buenos Aires","Wheat flour","9.19","0.0632"
15,6,"2016","Greater Buenos Aires","Milk","16.07","0.1105"
15,6,"2016","Greater Buenos Aires","Sugar","12.51","0.086"
15,6,"2016","Rosario","Maize (yellow)","2.68","0.0184"
15,7,"2016","Buenos Aires","Wheat","2.63","0.0181"
15,7,"2016","Buenos Aires","Wheat flour","5.08","0.0349"
15,7,"2016","Greater Buenos Aires","Bread","33.07","0.2274"
15,7,"2016","Greater Buenos Aires","Potatoes","11.91","0.0819"
15,7,"2016","Greater Buenos Aires","Rice (white)","16.81","0.1156"
15,7,"2016","Greater Buenos Aires","Wheat flour","9.48","0.0652"
15,7,"2016","Greater Buenos Aires","Milk","16.53","0.1137"
15,7,"2016","Greater Buenos Aires","Sugar","12.76","0.0877"
15,7,"2016","Rosario","Maize (yellow)","2.68","0.0185"
15,8,"2016","Buenos Aires","Wheat","2.43","0.0167"
15,8,"2016","Buenos Aires","Wheat flour","5.5","0.0378"
15,8,"2016","Greater Buenos Aires","Bread","33.96","0.2335"
15,8,"2016","Greater Buenos Aires","Potatoes","11.67","0.0803"
15,8,"2016","Greater Buenos Aires","Rice (white)","17.24","0.1186"
15,8,"2016","Greater Buenos Aires","Wheat flour","10.14","0.0697"
15,8,"2016","Greater Buenos Aires","Milk","16.84","0.1158"
15,8,"2016","Greater Buenos Aires","Sugar","13.49","0.0928"
15,8,"2016","Rosario","Maize (yellow)","2.41","0.0166"
15,9,"2016","Buenos Aires","Wheat","2.2","0.0151"
15,9,"2016","Buenos Aires","Wheat flour","5.5","0.0378"
15,9,"2016","Greater Buenos Aires","Bread","34.29","0.2358"
15,9,"2016","Greater Buenos Aires","Potatoes","11.95","0.0822"
15,9,"2016","Greater Buenos Aires","Rice (white)","18.18","0.125"
15,9,"2016","Greater Buenos Aires","Wheat flour","10.47","0.072"
15,9,"2016","Greater Buenos Aires","Milk","17.03","0.1171"
15,9,"2016","Greater Buenos Aires","Sugar","14.9","0.1025"
15,9,"2016","Rosario","Maize (yellow)","2.43","0.0167"
15,10,"2016","Buenos Aires","Wheat","2.23","0.0154"
15,10,"2016","Buenos Aires","Wheat flour","5.5","0.0378"
15,10,"2016","Greater Buenos Aires","Bread","33.94","0.2334"
15,10,"2016","Greater Buenos Aires","Potatoes","12.55","0.0863"
15,10,"2016","Greater Buenos Aires","Rice (white)","18.49","0.1271"
15,10,"2016","Greater Buenos Aires","Wheat flour","10.42","0.0717"
15,10,"2016","Greater Buenos Aires","Milk","17.55","0.1207"
15,10,"2016","Greater Buenos Aires","Sugar","15.7","0.108"
15,11,"2016","Buenos Aires","Wheat","2.24","0.0154"
15,11,"2016","Buenos Aires","Wheat flour","5.98","0.0411"
15,11,"2016","Greater Buenos Aires","Bread","33.96","0.2335"
15,11,"2016","Greater Buenos Aires","Potatoes","11.78","0.081"
15,11,"2016","Greater Buenos Aires","Rice (white)","18.94","0.1302"
15,11,"2016","Greater Buenos Aires","Wheat flour","10.39","0.0714"
15,11,"2016","Greater Buenos Aires","Milk","17.92","0.1232"
15,11,"2016","Greater Buenos Aires","Sugar","16.29","0.112"
15,11,"2016","Rosario","Maize (yellow)","2.59","0.0178"
15,12,"2016","Buenos Aires","Wheat","2.29","0.0158"
15,12,"2016","Buenos Aires","Wheat flour","6","0.0413"
15,12,"2016","Greater Buenos Aires","Bread","34.28","0.2357"
15,12,"2016","Greater Buenos Aires","Potatoes","11.59","0.0797"
15,12,"2016","Greater Buenos Aires","Rice (white)","19.46","0.1338"
15,12,"2016","Greater Buenos Aires","Wheat flour","10.36","0.0712"
15,12,"2016","Greater Buenos Aires","Milk","18.05","0.1241"
15,12,"2016","Greater Buenos Aires","Sugar","16.7","0.1148"
15,1,"2017","Buenos Aires","Wheat","2.6","0.0179"
15,1,"2017","Buenos Aires","Wheat flour","6","0.0413"
15,1,"2017","Greater Buenos Aires","Bread","34.83","0.2395"
15,1,"2017","Greater Buenos Aires","Potatoes","12.45","0.0856"
15,1,"2017","Greater Buenos Aires","Rice (white)","19.5","0.1341"
15,1,"2017","Greater Buenos Aires","Wheat flour","10.53","0.0724"
15,1,"2017","Greater Buenos Aires","Meat (beef)","63.07","0.4337"
15,1,"2017","Greater Buenos Aires","Milk","18.6","0.1279"
15,1,"2017","Greater Buenos Aires","Sugar","17.23","0.1185"
15,1,"2017","Rosario","Maize (yellow)","2.68","0.0185"
15,2,"2017","Buenos Aires","Wheat","2.66","0.0183"
15,2,"2017","Buenos Aires","Wheat flour","5.84","0.0402"
15,2,"2017","Greater Buenos Aires","Bread","35.6","0.2448"
15,2,"2017","Greater Buenos Aires","Potatoes","13.67","0.094"
15,2,"2017","Greater Buenos Aires","Rice (white)","19.94","0.1371"
15,2,"2017","Greater Buenos Aires","Wheat flour","10.49","0.0721"
15,2,"2017","Greater Buenos Aires","Meat (beef)","62.91","0.4326"
15,2,"2017","Greater Buenos Aires","Milk","18.86","0.1297"
15,2,"2017","Greater Buenos Aires","Sugar","17.64","0.1213"
15,2,"2017","Rosario","Maize (yellow)","2.47","0.017"
15,3,"2017","Buenos Aires","Wheat","2.62","0.018"
15,3,"2017","Buenos Aires","Wheat flour","5.8","0.0399"
15,3,"2017","Greater Buenos Aires","Bread","37.53","0.2581"
15,3,"2017","Greater Buenos Aires","Potatoes","14","0.0963"
15,3,"2017","Greater Buenos Aires","Rice (white)","20.16","0.1386"
15,3,"2017","Greater Buenos Aires","Wheat flour","10.5","0.0722"
15,3,"2017","Greater Buenos Aires","Meat (beef)","68.42","0.4705"
15,3,"2017","Greater Buenos Aires","Milk","19.13","0.1316"
15,3,"2017","Greater Buenos Aires","Sugar","17.93","0.1233"
15,3,"2017","Rosario","Maize (yellow)","2.33","0.0161"
15,4,"2017","Buenos Aires","Wheat","2.6","0.0179"
15,4,"2017","Buenos Aires","Wheat flour","5.8","0.0399"
15,4,"2017","Greater Buenos Aires","Bread","38.19","0.2626"
15,4,"2017","Greater Buenos Aires","Potatoes","14.67","0.1009"
15,4,"2017","Greater Buenos Aires","Rice (white)","20.22","0.139"
15,4,"2017","Greater Buenos Aires","Wheat flour","10.5","0.0722"
15,4,"2017","Greater Buenos Aires","Meat (beef)","70.84","0.4871"
15,4,"2017","Greater Buenos Aires","Milk","19.98","0.1374"
15,4,"2017","Greater Buenos Aires","Sugar","18.44","0.1268"
15,4,"2017","Rosario","Maize (yellow)","2.35","0.0162"
15,5,"2017","Buenos Aires","Wheat","2.67","0.0183"
15,5,"2017","Buenos Aires","Wheat flour","5.8","0.0399"
15,5,"2017","Greater Buenos Aires","Bread","38.24","0.263"
15,5,"2017","Greater Buenos Aires","Potatoes","14.78","0.1016"
15,5,"2017","Greater Buenos Aires","Rice (white)","20.47","0.1408"
15,5,"2017","Greater Buenos Aires","Wheat flour","10.54","0.0725"
15,5,"2017","Greater Buenos Aires","Milk","20.36","0.14"
15,5,"2017","Greater Buenos Aires","Sugar","18.86","0.1297"
15,5,"2017","Rosario","Maize (yellow)","2.37","0.0163"
15,6,"2017","Buenos Aires","Wheat","2.72","0.0187"
15,6,"2017","Buenos Aires","Wheat flour","5.8","0.0399"
15,6,"2017","Greater Buenos Aires","Bread","38.64","0.2657"
15,6,"2017","Greater Buenos Aires","Potatoes","13.9","0.0956"
15,6,"2017","Greater Buenos Aires","Rice (white)","20.96","0.1441"
15,6,"2017","Greater Buenos Aires","Wheat flour","10.67","0.0734"
15,6,"2017","Greater Buenos Aires","Milk","20.96","0.1441"
15,6,"2017","Greater Buenos Aires","Sugar","19.16","0.1318"
15,6,"2017","Rosario","Maize (yellow)","2.27","0.0156"
15,7,"2017","Buenos Aires","Wheat","3.02","0.0207"
15,7,"2017","Buenos Aires","Wheat flour","5.8","0.0399"
15,7,"2017","Greater Buenos Aires","Bread","39.12","0.269"
15,7,"2017","Greater Buenos Aires","Potatoes","14.48","0.0996"
15,7,"2017","Greater Buenos Aires","Rice (white)","21.08","0.145"
15,7,"2017","Greater Buenos Aires","Wheat flour","10.61","0.073"
15,7,"2017","Greater Buenos Aires","Milk","21.53","0.1481"
15,7,"2017","Greater Buenos Aires","Sugar","19.37","0.1332"
15,7,"2017","Rosario","Maize (yellow)","2.43","0.0167"
15,8,"2017","Buenos Aires","Wheat","3.02","0.0208"
15,8,"2017","Buenos Aires","Wheat flour","5.8","0.0399"
15,8,"2017","Greater Buenos Aires","Bread","39.43","0.2711"
15,8,"2017","Greater Buenos Aires","Potatoes","14.35","0.0987"
15,8,"2017","Greater Buenos Aires","Rice (white)","21.25","0.1461"
15,8,"2017","Greater Buenos Aires","Wheat flour","10.65","0.0732"
15,8,"2017","Greater Buenos Aires","Milk","21.72","0.1494"
15,8,"2017","Greater Buenos Aires","Sugar","19.58","0.1346"
15,8,"2017","Rosario","Maize (yellow)","2.38","0.0163"
15,9,"2017","Buenos Aires","Wheat","2.82","0.0194"
15,9,"2017","Buenos Aires","Wheat flour","5.8","0.0399"
15,9,"2017","Greater Buenos Aires","Bread","39.71","0.2731"
15,9,"2017","Greater Buenos Aires","Potatoes","14.37","0.0988"
15,9,"2017","Greater Buenos Aires","Rice (white)","21.49","0.1478"
15,9,"2017","Greater Buenos Aires","Wheat flour","10.66","0.0733"
15,9,"2017","Greater Buenos Aires","Meat (beef)","73.28","0.5039"
15,9,"2017","Greater Buenos Aires","Milk","21.81","0.15"
15,9,"2017","Greater Buenos Aires","Sugar","19.78","0.136"
15,9,"2017","Rosario","Maize (yellow)","2.39","0.0164"
15,10,"2017","Buenos Aires","Wheat","2.96","0.0204"
15,10,"2017","Buenos Aires","Wheat flour","5.8","0.0399"
15,10,"2017","Greater Buenos Aires","Bread","39.89","0.2743"
15,10,"2017","Greater Buenos Aires","Potatoes","15.34","0.1055"
15,10,"2017","Greater Buenos Aires","Rice (white)","21.74","0.1495"
15,10,"2017","Greater Buenos Aires","Wheat flour","10.61","0.073"
15,10,"2017","Greater Buenos Aires","Milk","21.95","0.1509"
15,10,"2017","Greater Buenos Aires","Sugar","20.12","0.1384"
15,10,"2017","Rosario","Maize (yellow)","2.44","0.0168"
15,11,"2017","Buenos Aires","Wheat","2.9","0.0199"
15,11,"2017","Buenos Aires","Wheat flour","5.8","0.0399"
15,11,"2017","Greater Buenos Aires","Bread","40.24","0.2767"
15,11,"2017","Greater Buenos Aires","Potatoes","18.7","0.1286"
15,11,"2017","Greater Buenos Aires","Rice (white)","21.74","0.1495"
15,11,"2017","Greater Buenos Aires","Wheat flour","10.81","0.0743"
15,11,"2017","Greater Buenos Aires","Milk","22.63","0.1556"
15,11,"2017","Greater Buenos Aires","Sugar","20.7","0.1423"
15,11,"2017","Rosario","Maize (yellow)","2.44","0.0168"
15,12,"2017","Buenos Aires","Wheat","2.86","0.0197"
15,12,"2017","Buenos Aires","Wheat flour","5.8","0.0399"
15,12,"2017","Greater Buenos Aires","Bread","40.55","0.2788"
15,12,"2017","Greater Buenos Aires","Potatoes","18.65","0.1283"
15,12,"2017","Greater Buenos Aires","Rice (white)","22.1","0.152"
15,12,"2017","Greater Buenos Aires","Wheat flour","11.03","0.0758"
15,12,"2017","Greater Buenos Aires","Milk","22.8","0.1568"
15,12,"2017","Greater Buenos Aires","Sugar","21.59","0.1485"
15,1,"2018","Buenos Aires","Wheat","3.24","0.0223"
15,1,"2018","Buenos Aires","Wheat flour","5.8","0.0399"
15,1,"2018","Greater Buenos Aires","Bread","41.29","0.2839"
15,1,"2018","Greater Buenos Aires","Potatoes","17.64","0.1213"
15,1,"2018","Greater Buenos Aires","Rice (white)","22.81","0.1569"
15,1,"2018","Greater Buenos Aires","Wheat flour","11.2","0.077"
15,1,"2018","Greater Buenos Aires","Meat (beef)","72.19","0.4964"
15,1,"2018","Greater Buenos Aires","Milk","22.98","0.158"
15,1,"2018","Greater Buenos Aires","Sugar","22.58","0.1553"
15,1,"2018","Rosario","Maize (yellow)","2.9","0.02"
15,2,"2018","Buenos Aires","Wheat","3.56","0.0245"
15,2,"2018","Buenos Aires","Wheat flour","5.8","0.0399"
15,2,"2018","Greater Buenos Aires","Bread","42.62","0.2931"
15,2,"2018","Greater Buenos Aires","Potatoes","16.64","0.1144"
15,2,"2018","Greater Buenos Aires","Rice (white)","23.22","0.1597"
15,2,"2018","Greater Buenos Aires","Wheat flour","11.64","0.08"
15,2,"2018","Greater Buenos Aires","Milk","23.08","0.1587"
15,2,"2018","Greater Buenos Aires","Sugar","23.57","0.1621"
15,2,"2018","Rosario","Maize (yellow)","3.27","0.0225"
15,3,"2018","Buenos Aires","Wheat","3.96","0.0272"
15,3,"2018","Buenos Aires","Wheat flour","6.16","0.0424"
15,3,"2018","Greater Buenos Aires","Bread","44.38","0.3052"
15,3,"2018","Greater Buenos Aires","Potatoes","15.67","0.1078"
15,3,"2018","Greater Buenos Aires","Rice (white)","23.84","0.1639"
15,3,"2018","Greater Buenos Aires","Wheat flour","11.94","0.0821"
15,3,"2018","Greater Buenos Aires","Meat (beef)","77.08","0.5301"
15,3,"2018","Greater Buenos Aires","Milk","23.26","0.16"
15,3,"2018","Greater Buenos Aires","Sugar","24.28","0.167"
15,3,"2018","Rosario","Maize (yellow)","3.52","0.0242"
15,4,"2018","Buenos Aires","Wheat","4.6","0.0316"
15,4,"2018","Buenos Aires","Wheat flour","7.42","0.051"
15,4,"2018","Greater Buenos Aires","Bread","45.83","0.3152"
15,4,"2018","Greater Buenos Aires","Potatoes","15.31","0.1053"
15,4,"2018","Greater Buenos Aires","Rice (white)","24.37","0.1676"
15,4,"2018","Greater Buenos Aires","Wheat flour","12.72","0.0875"
15,4,"2018","Greater Buenos Aires","Milk","23.84","0.1639"
15,4,"2018","Greater Buenos Aires","Sugar","24.68","0.1697"
15,4,"2018","Rosario","Maize (yellow)","3.72","0.0256"
15,5,"2018","Buenos Aires","Wheat","6.05","0.0416"
15,5,"2018","Greater Buenos Aires","Bread","49.81","0.3425"
15,5,"2018","Greater Buenos Aires","Potatoes","15.7","0.108"
15,5,"2018","Greater Buenos Aires","Rice (white)","24.64","0.1694"
15,5,"2018","Greater Buenos Aires","Wheat flour","16.69","0.1148"
15,5,"2018","Greater Buenos Aires","Milk","23.89","0.1643"
15,5,"2018","Greater Buenos Aires","Sugar","25.14","0.1729"
15,5,"2018","Rosario","Maize (yellow)","4.31","0.0296"
15,6,"2018","Buenos Aires","Wheat","6.37","0.0438"
15,6,"2018","Greater Buenos Aires","Bread","55.19","0.3795"
15,6,"2018","Greater Buenos Aires","Potatoes","15.41","0.106"
15,6,"2018","Greater Buenos Aires","Rice (white)","25.99","0.1787"
15,6,"2018","Greater Buenos Aires","Wheat flour","20.99","0.1443"
15,6,"2018","Greater Buenos Aires","Milk","24.58","0.169"
15,6,"2018","Greater Buenos Aires","Sugar","25.38","0.1745"
15,6,"2018","Rosario","Maize (yellow)","4.32","0.0297"
15,7,"2018","Buenos Aires","Wheat","6.65","0.0457"
15,7,"2018","Greater Buenos Aires","Bread","57.05","0.3923"
15,7,"2018","Greater Buenos Aires","Potatoes","15.81","0.1087"
15,7,"2018","Greater Buenos Aires","Rice (white)","26.82","0.1844"
15,7,"2018","Greater Buenos Aires","Wheat flour","23.35","0.1606"
15,7,"2018","Greater Buenos Aires","Meat (beef)","91.52","0.6294"
15,7,"2018","Greater Buenos Aires","Milk","24.84","0.1708"
15,7,"2018","Greater Buenos Aires","Sugar","25.38","0.1745"
15,7,"2018","Rosario","Maize (yellow)","4.39","0.0302"
15,8,"2018","Buenos Aires","Wheat","7.09","0.0488"
15,8,"2018","Greater Buenos Aires","Bread","57.61","0.3962"
15,8,"2018","Greater Buenos Aires","Potatoes","16.06","0.1104"
15,8,"2018","Greater Buenos Aires","Rice (white)","28.7","0.1974"
15,8,"2018","Greater Buenos Aires","Wheat flour","24.09","0.1657"
15,8,"2018","Greater Buenos Aires","Meat (beef)","95.14","0.6542"
15,8,"2018","Greater Buenos Aires","Milk","26.09","0.1794"
15,8,"2018","Greater Buenos Aires","Sugar","25.76","0.1771"
15,8,"2018","Rosario","Maize (yellow)","4.76","0.0327"
15,9,"2018","Buenos Aires","Wheat","8.31","0.0572"
15,9,"2018","Greater Buenos Aires","Bread","67.25","0.4625"
15,9,"2018","Greater Buenos Aires","Potatoes","16.15","0.1111"
15,9,"2018","Greater Buenos Aires","Rice (white)","33.39","0.2296"
15,9,"2018","Greater Buenos Aires","Wheat flour","26.92","0.1851"
15,9,"2018","Greater Buenos Aires","Meat (beef)","102.45","0.7045"
15,9,"2018","Greater Buenos Aires","Milk","28.28","0.1945"
15,9,"2018","Greater Buenos Aires","Sugar","27.67","0.1903"
15,9,"2018","Rosario","Maize (yellow)","5.43","0.0373"
15,10,"2018","Buenos Aires","Wheat","8.63","0.0594"
15,10,"2018","Greater Buenos Aires","Bread","71.9","0.4944"
15,10,"2018","Greater Buenos Aires","Potatoes","21.83","0.1501"
15,10,"2018","Greater Buenos Aires","Rice (white)","35.53","0.2443"
15,10,"2018","Greater Buenos Aires","Wheat flour","29.19","0.2007"
15,10,"2018","Greater Buenos Aires","Milk","30.66","0.2108"
15,10,"2018","Greater Buenos Aires","Sugar","28.03","0.1928"
15,10,"2018","Rosario","Maize (yellow)","5.05","0.0347"
15,11,"2018","Buenos Aires","Wheat","7.29","0.0501"
15,11,"2018","Greater Buenos Aires","Bread","72.63","0.4995"
15,11,"2018","Greater Buenos Aires","Potatoes","28.64","0.1969"
15,11,"2018","Greater Buenos Aires","Rice (white)","37.65","0.2589"
15,11,"2018","Greater Buenos Aires","Wheat flour","30.23","0.2079"
15,11,"2018","Greater Buenos Aires","Milk","31.3","0.2152"
15,11,"2018","Greater Buenos Aires","Sugar","28.26","0.1943"
15,11,"2018","Rosario","Maize (yellow)","4.91","0.0338"
15,12,"2018","Buenos Aires","Wheat","7.57","0.052"
15,12,"2018","Greater Buenos Aires","Bread","73.49","0.5054"
15,12,"2018","Greater Buenos Aires","Potatoes","23.45","0.1613"
15,12,"2018","Greater Buenos Aires","Rice (white)","38.61","0.2655"
15,12,"2018","Greater Buenos Aires","Wheat flour","30.32","0.2085"
15,12,"2018","Greater Buenos Aires","Milk","33.52","0.2305"
15,12,"2018","Greater Buenos Aires","Sugar","28.81","0.1981"
15,1,"2019","Buenos Aires","Wheat","7.91","0.0544"
15,1,"2019","Greater Buenos Aires","Bread","75.04","0.516"
15,1,"2019","Greater Buenos Aires","Potatoes","22.45","0.1544"
15,1,"2019","Greater Buenos Aires","Rice (white)","39.39","0.2709"
15,1,"2019","Greater Buenos Aires","Wheat flour","30.81","0.2119"
15,1,"2019","Greater Buenos Aires","Milk","35.36","0.2432"
15,1,"2019","Greater Buenos Aires","Sugar","29.64","0.2038"
15,1,"2019","Rosario","Maize (yellow)","5.58","0.0384"
15,2,"2019","Buenos Aires","Wheat","7.79","0.0536"
15,2,"2019","Greater Buenos Aires","Bread","76.94","0.5291"
15,2,"2019","Greater Buenos Aires","Potatoes","20.33","0.1398"
15,2,"2019","Greater Buenos Aires","Rice (white)","40.6","0.2792"
15,2,"2019","Greater Buenos Aires","Wheat flour","31.28","0.2151"
15,2,"2019","Greater Buenos Aires","Milk","36.25","0.2493"
15,2,"2019","Greater Buenos Aires","Sugar","30.14","0.2073"
15,2,"2019","Rosario","Maize (yellow)","5.28","0.0363"
15,3,"2019","Buenos Aires","Wheat","8.07","0.0555"
15,3,"2019","Greater Buenos Aires","Bread","79.9","0.5494"
15,3,"2019","Greater Buenos Aires","Potatoes","21.22","0.1459"
15,3,"2019","Greater Buenos Aires","Rice (white)","40.94","0.2815"
15,3,"2019","Greater Buenos Aires","Wheat flour","31.56","0.217"
15,3,"2019","Greater Buenos Aires","Milk","39.65","0.2727"
15,3,"2019","Greater Buenos Aires","Sugar","31.63","0.2175"
15,3,"2019","Rosario","Maize (yellow)","5.69","0.0391"
15,4,"2019","Buenos Aires","Wheat","8.42","0.0579"
15,4,"2019","Greater Buenos Aires","Bread","81.56","0.5609"
15,4,"2019","Greater Buenos Aires","Potatoes","20.83","0.1432"
15,4,"2019","Greater Buenos Aires","Rice (white)","42.2","0.2902"
15,4,"2019","Greater Buenos Aires","Wheat flour","31.69","0.2179"
15,4,"2019","Greater Buenos Aires","Milk","42.25","0.2905"
15,4,"2019","Greater Buenos Aires","Sugar","33.86","0.2328"
15,4,"2019","Rosario","Maize (yellow)","5.72","0.0394"
15,5,"2019","Buenos Aires","Wheat","9.1","0.0626"
15,5,"2019","Greater Buenos Aires","Bread","83.89","0.5769"
15,5,"2019","Greater Buenos Aires","Potatoes","21.06","0.1448"
15,5,"2019","Greater Buenos Aires","Rice (white)","44.27","0.3044"
15,5,"2019","Greater Buenos Aires","Wheat flour","33.15","0.228"
15,5,"2019","Greater Buenos Aires","Milk","44.32","0.3048"
15,5,"2019","Greater Buenos Aires","Sugar","36.17","0.2487"
15,5,"2019","Rosario","Maize (yellow)","6.39","0.044"
15,6,"2019","Buenos Aires","Wheat","9.59","0.066"
15,6,"2019","Greater Buenos Aires","Bread","87.52","0.6018"
15,6,"2019","Greater Buenos Aires","Potatoes","22.62","0.1556"
15,6,"2019","Greater Buenos Aires","Rice (white)","45.36","0.3119"
15,6,"2019","Greater Buenos Aires","Wheat flour","34.3","0.2359"
15,6,"2019","Greater Buenos Aires","Milk","44.77","0.3079"
15,6,"2019","Greater Buenos Aires","Sugar","38.05","0.2617"
15,6,"2019","Rosario","Maize (yellow)","6.77","0.0465"
15,7,"2019","Buenos Aires","Wheat","9.5","0.0653"
15,7,"2019","Greater Buenos Aires","Bread","88.68","0.6098"
15,7,"2019","Greater Buenos Aires","Potatoes","24.22","0.1666"
15,7,"2019","Greater Buenos Aires","Rice (white)","45.83","0.3152"
15,7,"2019","Greater Buenos Aires","Wheat flour","34.85","0.2397"
15,7,"2019","Greater Buenos Aires","Meat (beef)","141.22","0.9711"
15,7,"2019","Greater Buenos Aires","Milk","46.88","0.3224"
15,7,"2019","Greater Buenos Aires","Sugar","39.17","0.2694"
15,7,"2019","Rosario","Maize (yellow)","6.43","0.0442"
15,8,"2019","Buenos Aires","Wheat","11.05","0.076"
15,8,"2019","Greater Buenos Aires","Bread","92.16","0.6338"
15,8,"2019","Greater Buenos Aires","Potatoes","25.53","0.1756"
15,8,"2019","Greater Buenos Aires","Rice (white)","48.48","0.3334"
15,8,"2019","Greater Buenos Aires","Wheat flour","36.04","0.2478"
15,8,"2019","Greater Buenos Aires","Meat (beef)","147.85","1.0167"
15,8,"2019","Greater Buenos Aires","Milk","48.37","0.3326"
15,8,"2019","Greater Buenos Aires","Sugar","41.22","0.2835"
15,8,"2019","Rosario","Maize (yellow)","6.94","0.0477"
15,9,"2019","Buenos Aires","Wheat","11.62","0.0799"
15,9,"2019","Greater Buenos Aires","Bread","98.61","0.6781"
15,9,"2019","Greater Buenos Aires","Potatoes","28.09","0.1932"
15,9,"2019","Greater Buenos Aires","Rice (white)","49.5","0.3404"
15,9,"2019","Greater Buenos Aires","Wheat flour","38.34","0.2637"
15,9,"2019","Greater Buenos Aires","Meat (beef)","156.25","1.0745"
15,9,"2019","Greater Buenos Aires","Milk","47.98","0.3299"
15,9,"2019","Greater Buenos Aires","Sugar","42.13","0.2897"
15,9,"2019","Rosario","Maize (yellow)","7.33","0.0504"
15,10,"2019","Buenos Aires","Wheat","12.9","0.0887"
15,10,"2019","Greater Buenos Aires","Bread","100.62","0.6919"
15,10,"2019","Greater Buenos Aires","Potatoes","27.23","0.1873"
15,10,"2019","Greater Buenos Aires","Rice (white)","50.38","0.3464"
15,10,"2019","Greater Buenos Aires","Wheat flour","38.9","0.2675"
15,10,"2019","Greater Buenos Aires","Milk","48.97","0.3368"
15,10,"2019","Greater Buenos Aires","Sugar","42.31","0.291"
15,11,"2019","Buenos Aires","Wheat","11.6","0.0797"
15,11,"2019","Greater Buenos Aires","Bread","106.12","0.7298"
15,11,"2019","Greater Buenos Aires","Potatoes","28.35","0.195"
15,11,"2019","Greater Buenos Aires","Rice (white)","54.75","0.3765"
15,11,"2019","Greater Buenos Aires","Wheat flour","39.48","0.2715"
15,11,"2019","Greater Buenos Aires","Milk","50.04","0.3441"
15,11,"2019","Greater Buenos Aires","Sugar","43.12","0.2965"
15,12,"2019","Buenos Aires","Wheat","10.62","0.073"
15,12,"2019","Greater Buenos Aires","Bread","108.02","0.7428"
15,12,"2019","Greater Buenos Aires","Potatoes","27.6","0.1898"
15,12,"2019","Greater Buenos Aires","Rice (white)","57.46","0.3951"
15,12,"2019","Greater Buenos Aires","Wheat flour","40.24","0.2767"
15,12,"2019","Greater Buenos Aires","Milk","50.98","0.3506"
15,12,"2019","Greater Buenos Aires","Sugar","44.18","0.3038"
15,1,"2020","Buenos Aires","Wheat","12.09","0.0832"
15,1,"2020","Greater Buenos Aires","Bread","111.25","0.765"
15,1,"2020","Greater Buenos Aires","Potatoes","31.24","0.2148"
15,1,"2020","Greater Buenos Aires","Rice (white)","63.84","0.439"
15,1,"2020","Greater Buenos Aires","Wheat flour","42.07","0.2893"
15,1,"2020","Greater Buenos Aires","Milk","55.02","0.3784"
15,1,"2020","Greater Buenos Aires","Sugar","50.66","0.3484"
15,1,"2020","Rosario","Maize (yellow)","9.22","0.0634"
15,2,"2020","Buenos Aires","Wheat","12.9","0.0887"
15,2,"2020","Greater Buenos Aires","Bread","112.99","0.777"
15,2,"2020","Greater Buenos Aires","Potatoes","33.23","0.2285"
15,2,"2020","Greater Buenos Aires","Rice (white)","66.04","0.4541"
15,2,"2020","Greater Buenos Aires","Wheat flour","43.62","0.3"
15,2,"2020","Greater Buenos Aires","Milk","54.01","0.3714"
15,2,"2020","Greater Buenos Aires","Sugar","56.99","0.3919"
15,2,"2020","Rosario","Maize (yellow)","9.02","0.0621"
15,3,"2020","Buenos Aires","Wheat","13.17","0.0906"
15,3,"2020","Greater Buenos Aires","Bread","116.37","0.8002"
15,3,"2020","Greater Buenos Aires","Potatoes","32.84","0.2258"
15,3,"2020","Greater Buenos Aires","Rice (white)","67.75","0.4659"
15,3,"2020","Greater Buenos Aires","Wheat flour","43.43","0.2987"
15,3,"2020","Greater Buenos Aires","Meat (beef)","214.88","1.4777"
15,3,"2020","Greater Buenos Aires","Milk","55.72","0.3832"
15,3,"2020","Greater Buenos Aires","Sugar","61.83","0.4252"
15,3,"2020","Rosario","Maize (yellow)","8.85","0.0609"
15,4,"2020","Buenos Aires","Wheat","13.99","0.0962"
15,4,"2020","Greater Buenos Aires","Bread","116.52","0.8013"
15,4,"2020","Greater Buenos Aires","Potatoes","36.65","0.252"
15,4,"2020","Greater Buenos Aires","Rice (white)","70.13","0.4823"
15,4,"2020","Greater Buenos Aires","Wheat flour","43.7","0.3005"
15,4,"2020","Greater Buenos Aires","Meat (beef)","227.42","1.5639"
15,4,"2020","Greater Buenos Aires","Milk","54.84","0.3771"
15,4,"2020","Greater Buenos Aires","Sugar","66.25","0.4556"
15,4,"2020","Rosario","Maize (yellow)","8.67","0.0596"
15,5,"2020","Buenos Aires","Wheat","14.26","0.0981"
15,5,"2020","Greater Buenos Aires","Bread","113.97","0.7837"
15,5,"2020","Greater Buenos Aires","Potatoes","34.58","0.2378"
15,5,"2020","Greater Buenos Aires","Rice (white)","70.22","0.4829"
15,5,"2020","Greater Buenos Aires","Wheat flour","44.22","0.3041"
15,5,"2020","Greater Buenos Aires","Milk","54.58","0.3753"
15,5,"2020","Greater Buenos Aires","Sugar","65.43","0.4499"
15,5,"2020","Rosario","Maize (yellow)","8.13","0.0559"
15,6,"2020","Buenos Aires","Wheat","14.52","0.0999"
15,6,"2020","Greater Buenos Aires","Bread","116.46","0.8009"
15,6,"2020","Greater Buenos Aires","Potatoes","33.85","0.2328"
15,6,"2020","Greater Buenos Aires","Rice (white)","72.56","0.499"
15,6,"2020","Greater Buenos Aires","Wheat flour","44.41","0.3054"
15,6,"2020","Greater Buenos Aires","Milk","54.87","0.3773"
15,6,"2020","Greater Buenos Aires","Sugar","65.75","0.4521"
15,6,"2020","Rosario","Maize (yellow)","8.64","0.0594"
15,7,"2020","Buenos Aires","Wheat","14.71","0.1012"
15,7,"2020","Greater Buenos Aires","Bread","116.71","0.8026"
15,7,"2020","Greater Buenos Aires","Potatoes","36.48","0.2509"
15,7,"2020","Greater Buenos Aires","Rice (white)","73.25","0.5037"
15,7,"2020","Greater Buenos Aires","Wheat flour","45.62","0.3137"
15,7,"2020","Greater Buenos Aires","Milk","55.89","0.3843"
15,7,"2020","Greater Buenos Aires","Sugar","64.33","0.4424"
15,7,"2020","Rosario","Maize (yellow)","9.55","0.0657"
15,8,"2020","Buenos Aires","Wheat","15.27","0.105"
15,8,"2020","Greater Buenos Aires","Bread","116.91","0.804"
15,8,"2020","Greater Buenos Aires","Potatoes","38.04","0.2616"
15,8,"2020","Greater Buenos Aires","Rice (white)","73.8","0.5075"
15,8,"2020","Greater Buenos Aires","Wheat flour","46.04","0.3166"
15,8,"2020","Greater Buenos Aires","Milk","56","0.3851"
15,8,"2020","Greater Buenos Aires","Sugar","62.97","0.433"
15,8,"2020","Rosario","Maize (yellow)","10.48","0.0721"
15,9,"2020","Buenos Aires","Wheat","16.42","0.1129"
15,9,"2020","Greater Buenos Aires","Bread","127.31","0.8755"
15,9,"2020","Greater Buenos Aires","Potatoes","36.68","0.2522"
15,9,"2020","Greater Buenos Aires","Rice (white)","75.75","0.5209"
15,9,"2020","Greater Buenos Aires","Wheat flour","46.12","0.3172"
15,9,"2020","Greater Buenos Aires","Milk","55.94","0.3847"
15,9,"2020","Greater Buenos Aires","Sugar","64.01","0.4402"
15,9,"2020","Rosario","Maize (yellow)","12.26","0.0843"
15,10,"2020","Buenos Aires","Wheat","17.74","0.122"
15,10,"2020","Greater Buenos Aires","Bread","132.1","0.9084"
15,10,"2020","Greater Buenos Aires","Potatoes","49.21","0.3384"
15,10,"2020","Greater Buenos Aires","Rice (white)","80.55","0.5539"
15,10,"2020","Greater Buenos Aires","Wheat flour","47.66","0.3277"
15,10,"2020","Greater Buenos Aires","Milk","57.05","0.3923"
15,10,"2020","Greater Buenos Aires","Sugar","65.15","0.448"
15,10,"2020","Rosario","Maize (yellow)","14.76","0.1015"
15,11,"2020","Buenos Aires","Wheat","17.84","0.1227"
15,11,"2020","Greater Buenos Aires","Bread","138.31","0.9511"
15,11,"2020","Greater Buenos Aires","Potatoes","57.26","0.3938"
15,11,"2020","Greater Buenos Aires","Rice (white)","80.9","0.5563"
15,11,"2020","Greater Buenos Aires","Wheat flour","45.17","0.3106"
15,11,"2020","Greater Buenos Aires","Milk","57.45","0.3951"
15,11,"2020","Greater Buenos Aires","Sugar","64.48","0.4434"
15,11,"2020","Rosario","Maize (yellow)","15.64","0.1076"
15,12,"2020","Buenos Aires","Wheat","18.05","0.1241"
15,12,"2020","Greater Buenos Aires","Bread","140.13","0.9636"
15,12,"2020","Greater Buenos Aires","Potatoes","61.1","0.4202"
15,12,"2020","Greater Buenos Aires","Rice (white)","81.76","0.5622"
15,12,"2020","Greater Buenos Aires","Wheat flour","42.55","0.2926"
15,12,"2020","Greater Buenos Aires","Milk","57.3","0.394"
15,12,"2020","Greater Buenos Aires","Sugar","66.12","0.4547"
15,1,"2021","Buenos Aires","Wheat","19.3","0.1327"
15,1,"2021","Greater Buenos Aires","Bread","145.61","1.0013"
15,1,"2021","Greater Buenos Aires","Potatoes","59.7","0.4105"
15,1,"2021","Greater Buenos Aires","Rice (white)","81.53","0.5607"
15,1,"2021","Greater Buenos Aires","Wheat flour","43.62","0.3"
15,1,"2021","Greater Buenos Aires","Meat (beef)","313.33","2.1547"
15,1,"2021","Greater Buenos Aires","Milk","58","0.3988"
15,1,"2021","Greater Buenos Aires","Sugar","66.78","0.4592"
15,1,"2021","Rosario","Maize (yellow)","17.51","0.1204"
15,2,"2021","Buenos Aires","Wheat","18.98","0.1305"
15,2,"2021","Greater Buenos Aires","Bread","151.12","1.0392"
15,2,"2021","Greater Buenos Aires","Potatoes","59.67","0.4103"
15,2,"2021","Greater Buenos Aires","Rice (white)","81.61","0.5612"
15,2,"2021","Greater Buenos Aires","Wheat flour","45.06","0.3099"
15,2,"2021","Greater Buenos Aires","Meat (beef)","327.65","2.2531"
15,2,"2021","Greater Buenos Aires","Milk","62.05","0.4267"
15,2,"2021","Greater Buenos Aires","Sugar","68.58","0.4716"
15,2,"2021","Rosario","Maize (yellow)","18","0.1238"
15,3,"2021","Buenos Aires","Wheat","19.04","0.131"
15,3,"2021","Greater Buenos Aires","Bread","157.27","1.0815"
15,3,"2021","Greater Buenos Aires","Potatoes","55.86","0.3841"
15,3,"2021","Greater Buenos Aires","Rice (white)","84.36","0.5801"
15,3,"2021","Greater Buenos Aires","Wheat flour","45.12","0.3103"
15,3,"2021","Greater Buenos Aires","Meat (beef)","355.55","2.445"
15,3,"2021","Greater Buenos Aires","Milk","69.52","0.4781"
15,3,"2021","Greater Buenos Aires","Sugar","69","0.4745"
15,3,"2021","Rosario","Maize (yellow)","17.99","0.1237"
15,4,"2021","Buenos Aires","Wheat","19.5","0.1341"
15,4,"2021","Greater Buenos Aires","Bread","164.72","1.1327"
15,4,"2021","Greater Buenos Aires","Potatoes","54.35","0.3737"
15,4,"2021","Greater Buenos Aires","Rice (white)","96.38","0.6628"
15,4,"2021","Greater Buenos Aires","Wheat flour","46.4","0.3191"
15,4,"2021","Greater Buenos Aires","Milk","76.35","0.525"
15,4,"2021","Greater Buenos Aires","Sugar","69.64","0.4789"
15,4,"2021","Rosario","Maize (yellow)","19.64","0.1351"
15,5,"2021","Buenos Aires","Wheat","20.84","0.1433"
15,5,"2021","Greater Buenos Aires","Bread","172.29","1.1848"
15,5,"2021","Greater Buenos Aires","Potatoes","55.95","0.3848"
15,5,"2021","Greater Buenos Aires","Rice (white)","108.97","0.7494"
15,5,"2021","Greater Buenos Aires","Wheat flour","49.51","0.3405"
15,5,"2021","Greater Buenos Aires","Milk","77.21","0.5309"
15,5,"2021","Greater Buenos Aires","Sugar","69.58","0.4785"
15,5,"2021","Rosario","Maize (yellow)","21.02","0.1445"
15,6,"2021","Buenos Aires","Wheat","20.51","0.141"
15,6,"2021","Greater Buenos Aires","Bread","183","1.2584"
15,6,"2021","Greater Buenos Aires","Potatoes","53","0.3645"
15,6,"2021","Greater Buenos Aires","Rice (white)","112","0.7702"
15,6,"2021","Greater Buenos Aires","Wheat flour","51","0.3507"
15,6,"2021","Greater Buenos Aires","Milk","84","0.5776"
15,6,"2021","Greater Buenos Aires","Sugar","71","0.4882"
15,6,"2021","Rosario","Maize (yellow)","18.91","0.13"
15,7,"2021","Buenos Aires","Wheat","20","0.1375"
15,7,"2021","Greater Buenos Aires","Bread","185","1.2722"
15,7,"2021","Greater Buenos Aires","Potatoes","52","0.3576"
15,7,"2021","Greater Buenos Aires","Rice (white)","112","0.7702"
15,7,"2021","Greater Buenos Aires","Wheat flour","53","0.3645"
15,7,"2021","Greater Buenos Aires","Meat (beef)","430","2.957"
15,7,"2021","Greater Buenos Aires","Milk","85","0.5845"
15,7,"2021","Greater Buenos Aires","Sugar","74","0.5089"
15,7,"2021","Rosario","Maize (yellow)","19","0.1307"
15,8,"2021","Buenos Aires","Wheat","21","0.1444"
15,8,"2021","Greater Buenos Aires","Bread","189","1.2997"
15,8,"2021","Greater Buenos Aires","Potatoes","50","0.3438"
15,8,"2021","Greater Buenos Aires","Rice (white)","117","0.8046"
15,8,"2021","Greater Buenos Aires","Wheat flour","54","0.3713"
15,8,"2021","Greater Buenos Aires","Meat (beef)","415","2.8538"
15,8,"2021","Greater Buenos Aires","Milk","87","0.5983"
15,8,"2021","Greater Buenos Aires","Sugar","76","0.5226"
15,8,"2021","Rosario","Maize (yellow)","19","0.1307"
15,9,"2021","Buenos Aires","Wheat","23","0.1582"
15,9,"2021","Greater Buenos Aires","Bread","190","1.3066"
15,9,"2021","Greater Buenos Aires","Potatoes","51","0.3507"
15,9,"2021","Greater Buenos Aires","Rice (white)","115","0.7908"
15,9,"2021","Greater Buenos Aires","Wheat flour","57","0.392"
15,9,"2021","Greater Buenos Aires","Meat (beef)","431","2.9639"
15,9,"2021","Greater Buenos Aires","Milk","94","0.6464"
15,9,"2021","Greater Buenos Aires","Sugar","78","0.5364"
15,9,"2021","Rosario","Maize (yellow)","20","0.1375"
15,10,"2021","Buenos Aires","Wheat","23","0.1582"
15,10,"2021","Greater Buenos Aires","Bread","197.99","1.3615"
15,10,"2021","Greater Buenos Aires","Potatoes","52.86","0.3635"
15,10,"2021","Greater Buenos Aires","Rice (white)","116.74","0.8028"
15,10,"2021","Greater Buenos Aires","Wheat flour","59.29","0.4077"
15,10,"2021","Greater Buenos Aires","Milk","93.28","0.6415"
15,10,"2021","Greater Buenos Aires","Sugar","78.87","0.5424"
15,10,"2021","Rosario","Maize (yellow)","19","0.1307"
15,11,"2021","Buenos Aires","Wheat","24.33","0.1673"
15,11,"2021","Greater Buenos Aires","Bread","204.32","1.405"
15,11,"2021","Greater Buenos Aires","Potatoes","55.84","0.384"
15,11,"2021","Greater Buenos Aires","Rice (white)","114.43","0.7869"
15,11,"2021","Greater Buenos Aires","Wheat flour","59.37","0.4083"
15,11,"2021","Greater Buenos Aires","Milk","89.46","0.6152"
15,11,"2021","Greater Buenos Aires","Sugar","79.26","0.545"
15,11,"2021","Rosario","Maize (yellow)","20.23","0.1391"
15,12,"2021","Buenos Aires","Wheat","24.88","0.1711"
15,12,"2021","Greater Buenos Aires","Bread","207.97","1.4301"
15,12,"2021","Greater Buenos Aires","Potatoes","53.71","0.3693"
15,12,"2021","Greater Buenos Aires","Rice (white)","114.82","0.7896"
15,12,"2021","Greater Buenos Aires","Wheat flour","59.46","0.4089"
15,12,"2021","Greater Buenos Aires","Milk","90.29","0.6209"
15,12,"2021","Greater Buenos Aires","Sugar","81.71","0.5619"
15,1,"2022","Buenos Aires","Wheat","24.59","0.1691"
15,1,"2022","Greater Buenos Aires","Bread","209.92","1.4436"
15,1,"2022","Greater Buenos Aires","Potatoes","61.33","0.4217"
15,1,"2022","Greater Buenos Aires","Rice (white)","120.6","0.8293"
15,1,"2022","Greater Buenos Aires","Wheat flour","62.82","0.432"
15,1,"2022","Greater Buenos Aires","Milk","91.22","0.6273"
15,1,"2022","Greater Buenos Aires","Sugar","83.75","0.5759"
15,1,"2022","Rosario","Maize (yellow)","23.95","0.1647"
15,2,"2022","Buenos Aires","Wheat","25.7","0.1767"
15,2,"2022","Greater Buenos Aires","Bread","225.82","1.5529"
15,2,"2022","Greater Buenos Aires","Potatoes","71.35","0.4907"
15,2,"2022","Greater Buenos Aires","Rice (white)","120.62","0.8295"
15,2,"2022","Greater Buenos Aires","Wheat flour","65.55","0.4508"
15,2,"2022","Greater Buenos Aires","Milk","95.44","0.6563"
15,2,"2022","Greater Buenos Aires","Sugar","89.08","0.6126"
15,2,"2022","Rosario","Maize (yellow)","25.58","0.1759"
15,3,"2022","Buenos Aires","Wheat","33.37","0.2295"
15,3,"2022","Greater Buenos Aires","Bread","265.71","1.8272"
15,3,"2022","Greater Buenos Aires","Potatoes","67.24","0.4624"
15,3,"2022","Greater Buenos Aires","Rice (white)","124.5","0.8561"
15,3,"2022","Greater Buenos Aires","Wheat flour","74.22","0.5104"
15,3,"2022","Greater Buenos Aires","Milk","108.75","0.7478"
15,3,"2022","Greater Buenos Aires","Sugar","98.46","0.6771"
15,3,"2022","Rosario","Maize (yellow)","30.12","0.2071"
15,4,"2022","Buenos Aires","Wheat","37.55","0.2582"
15,4,"2022","Greater Buenos Aires","Bread","295.24","2.0303"
15,4,"2022","Greater Buenos Aires","Potatoes","68.2","0.469"
15,4,"2022","Greater Buenos Aires","Rice (white)","127.08","0.8739"
15,4,"2022","Greater Buenos Aires","Wheat flour","86.18","0.5926"
15,4,"2022","Greater Buenos Aires","Milk","117.5","0.808"
15,4,"2022","Greater Buenos Aires","Sugar","110.09","0.7571"
15,4,"2022","Rosario","Maize (yellow)","30.16","0.2074"
15,5,"2022","Buenos Aires","Wheat","43","0.2957"
15,5,"2022","Greater Buenos Aires","Bread","302","2.0768"
15,5,"2022","Greater Buenos Aires","Potatoes","71","0.4882"
15,5,"2022","Greater Buenos Aires","Rice (white)","131","0.9008"
15,5,"2022","Greater Buenos Aires","Wheat flour","95","0.6533"
15,5,"2022","Greater Buenos Aires","Milk","126","0.8665"
15,5,"2022","Greater Buenos Aires","Sugar","123","0.8458"
15,5,"2022","Rosario","Maize (yellow)","32","0.2201"
15,6,"2022","Buenos Aires","Wheat","43","0.2957"
15,6,"2022","Rosario","Maize (yellow)","31","0.2132"
